﻿<?xml version="1.0" encoding="UTF-8"?>

<configuration debug="true">

	<appender name="STDOUT"
		class="ch.qos.logback.core.ConsoleAppender">
		<!-- encoders are  by default assigned the type
			ch.qos.logback.classic.encoder.PatternLayoutEncoder -->
		<encoder>
			<pattern>%d{yyyy-MM-dd HH:mm:ss} [%level] - %m%n</pattern>
		</encoder>
	</appender>

	<!-- 按日期区分的滚动日志 -->
	<appender name="APP"
		class="ch.qos.logback.core.rolling.RollingFileAppender">
		<file>D:\\applications\\SpringWeb\\log\\app.log</file>

		<encoder>
			<pattern>
				%d{yyyy-MM-dd HH:mm:ss} [%class:%line] - %m%n
			</pattern>
		</encoder>

		<filter class="ch.qos.logback.classic.filter.ThresholdFilter">
			<level>INFO</level>
		</filter>

		<rollingPolicy
			class="ch.qos.logback.core.rolling.TimeBasedRollingPolicy">
			<!-- daily rollover -->
			<fileNamePattern>D:\\applications\\SpringWeb\\log\\app.%d{yyyy-MM-dd}.log</fileNamePattern>

			<!-- keep 30 days' worth of history -->
			<maxHistory>30</maxHistory>
		</rollingPolicy>
	</appender>


	<!-- 按日期和大小区分的滚动日志 -->
	<appender name="DEBUG-OUT"
		class="ch.qos.logback.core.rolling.RollingFileAppender">
		<file>D:\\applications\\SpringWeb\\log\\debug.log</file>

		<encoder>
			<pattern>
				%d{yyyy-MM-dd HH:mm:ss} [%class:%line] - %m%n
			</pattern>
		</encoder>

		<filter class="ch.qos.logback.classic.filter.LevelFilter">
			<level>DEBUG</level>
			<onMatch>ACCEPT</onMatch>
			<onMismatch>DENY</onMismatch>
		</filter>

		<rollingPolicy
			class="ch.qos.logback.core.rolling.TimeBasedRollingPolicy">
			<!-- rollover daily -->
			<fileNamePattern>
				D:\\applications\\SpringWeb\\log\\debug-%d{yyyy-MM-dd}.%i.log
			</fileNamePattern>

			<timeBasedFileNamingAndTriggeringPolicy
				class="ch.qos.logback.core.rolling.SizeAndTimeBasedFNATP">
				<!-- or whenever the file size reaches 100MB -->
				<maxFileSize>30MB</maxFileSize>

			</timeBasedFileNamingAndTriggeringPolicy>
		</rollingPolicy>

	</appender>


	<root level="debug">
		<appender-ref ref="STDOUT" />
		<appender-ref ref="APP" />
		<appender-ref ref="DEBUG-OUT" />
	</root>

</configuration>
